[{"id":"user-image-Diseosinttulo45.png","fileName":"Diseosinttulo45.png","name":"Diseosinttulo45","publicUrl":"https://assets.nicepagecdn.com/ac4c61c6/6620282/images/Diseosinttulo45.png","size":1529668,"hash":"7a8CZYgDSY/U2e0bX9ST0ClracU=","width":1184,"height":864,"folderId":null,"thumbnail":{"url":"https://assets.nicepagecdn.com/ac4c61c6/6620282/images/thumbnails/Diseosinttulo45.png","width":150,"height":109},"usages":["91946549"]},{"id":"user-image-whatsapp.png","fileName":"whatsapp.png","name":"whatsapp","publicUrl":"https://assets.nicepagecdn.com/ac4c61c6/6620282/images/whatsapp.png","size":22997,"hash":"atlOLIls4CQU3KOKKJIzxrqdQTU=","width":512,"height":512,"folderId":null,"thumbnail":{"url":"https://assets.nicepagecdn.com/ac4c61c6/6620282/images/thumbnails/whatsapp.png","width":150,"height":150},"usages":["64761361"]},{"id":"user-image-oficina12.jpg","fileName":"oficina12.jpg","name":"oficina12","publicUrl":"https://assets.nicepagecdn.com/ac4c61c6/6620282/images/oficina12.jpg","size":243090,"hash":"xWpiXYYZIuZlYKQc70NgFRbeg0c=","width":1600,"height":1200,"folderId":null,"thumbnail":{"url":"https://assets.nicepagecdn.com/ac4c61c6/6620282/images/thumbnails/oficina12.jpg","width":150,"height":113},"usages":[]},{"id":"user-image-WhatsAppImage2026-02-11at2.41.23PM1.jpeg","fileName":"WhatsAppImage2026-02-11at2.41.23PM1.jpeg","name":"WhatsAppImage2026-02-11at2.41.23PM1","publicUrl":"https://assets.nicepagecdn.com/ac4c61c6/6620282/images/WhatsAppImage2026-02-11at2.41.23PM1.jpeg","size":350188,"hash":"/CIdKHnsukJPeEjnmVywtqIVwYw=","width":1600,"height":1200,"folderId":null,"thumbnail":{"url":"https://assets.nicepagecdn.com/ac4c61c6/6620282/images/thumbnails/WhatsAppImage2026-02-11at2.41.23PM1.jpeg","width":150,"height":113},"usages":["91946549"]},{"id":"user-image-WhatsAppImage2026-02-11at2.41.24PM.jpeg","fileName":"WhatsAppImage2026-02-11at2.41.24PM.jpeg","name":"WhatsAppImage2026-02-11at2.41.24PM","publicUrl":"https://assets.nicepagecdn.com/ac4c61c6/6620282/images/WhatsAppImage2026-02-11at2.41.24PM.jpeg","size":459979,"hash":"pgLP4b9ZFbYK9B0Bz32mWJ7KYsE=","width":1200,"height":1600,"folderId":null,"thumbnail":{"url":"https://assets.nicepagecdn.com/ac4c61c6/6620282/images/thumbnails/WhatsAppImage2026-02-11at2.41.24PM.jpeg","width":113,"height":150},"usages":["91946549"]},{"id":"user-image-automatizacion_control.jpg","fileName":"automatizacion_control.jpg","name":"automatizacion_control","publicUrl":"https://assets.nicepagecdn.com/ac4c61c6/6620282/images/automatizacion_control.jpg","size":180772,"hash":"PanmypAv3A1K0FsU0DfsfLBCsck=","width":444,"height":667,"folderId":null,"thumbnail":{"url":"https://assets.nicepagecdn.com/ac4c61c6/6620282/images/thumbnails/automatizacion_control.jpg","width":100,"height":150},"usages":["155715127"]},{"id":"user-image-herramientas.jpg","fileName":"herramientas.jpg","name":"herramientas","publicUrl":"https://assets.nicepagecdn.com/ac4c61c6/6620282/images/herramientas.jpg","size":152622,"hash":"459eh7d3ko9zPQeXsQTIeJgA4WA=","width":444,"height":667,"folderId":null,"thumbnail":{"url":"https://assets.nicepagecdn.com/ac4c61c6/6620282/images/thumbnails/herramientas.jpg","width":100,"height":150},"usages":["155715127"]},{"id":"user-image-medicion_indicacion.jpg","fileName":"medicion_indicacion.jpg","name":"medicion_indicacion","publicUrl":"https://assets.nicepagecdn.com/ac4c61c6/6620282/images/medicion_indicacion.jpg","size":194265,"hash":"VG8Cis40y1KDagha9KdI2W9+WEo=","width":444,"height":667,"folderId":null,"thumbnail":{"url":"https://assets.nicepagecdn.com/ac4c61c6/6620282/images/thumbnails/medicion_indicacion.jpg","width":100,"height":150},"usages":["155715127"]},{"id":"user-image-maniobra.jpg","fileName":"maniobra.jpg","name":"maniobra","publicUrl":"https://assets.nicepagecdn.com/ac4c61c6/6620282/images/maniobra.jpg","size":282579,"hash":"ECbZ94gb2CQoUJpzG4dRvm4E+fA=","width":444,"height":667,"folderId":null,"thumbnail":{"url":"https://assets.nicepagecdn.com/ac4c61c6/6620282/images/thumbnails/maniobra.jpg","width":100,"height":150},"usages":["155715127"]},{"id":"user-image-andeli.jpg","fileName":"andeli.jpg","name":"andeli","publicUrl":"https://assets.nicepagecdn.com/ac4c61c6/6620282/images/andeli.jpg","size":388119,"hash":"T0LqtHxwkNmJLLFUDSPGWRA96ZU=","width":1197,"height":358,"folderId":null,"thumbnail":{"url":"https://assets.nicepagecdn.com/ac4c61c6/6620282/images/thumbnails/andeli.jpg","width":150,"height":45},"usages":[]},{"id":"user-image-schneider.jpg","fileName":"schneider.jpg","name":"schneider","publicUrl":"https://assets.nicepagecdn.com/ac4c61c6/6620282/images/schneider.jpg","size":283663,"hash":"WyV5dHI9IKTwc2B168vZFHz27vU=","width":1197,"height":358,"folderId":null,"thumbnail":{"url":"https://assets.nicepagecdn.com/ac4c61c6/6620282/images/thumbnails/schneider.jpg","width":150,"height":45},"usages":[]},{"id":"user-image-autonics.jpg","fileName":"autonics.jpg","name":"autonics","publicUrl":"https://assets.nicepagecdn.com/ac4c61c6/6620282/images/autonics.jpg","size":359433,"hash":"kWcqx7MR/ihO4cAwKwo9rs4/u4A=","width":1197,"height":358,"folderId":null,"thumbnail":{"url":"https://assets.nicepagecdn.com/ac4c61c6/6620282/images/thumbnails/autonics.jpg","width":150,"height":45},"usages":[]},{"id":"user-image-chint.jpg","fileName":"chint.jpg","name":"chint","publicUrl":"https://assets.nicepagecdn.com/ac4c61c6/6620282/images/chint.jpg","size":308210,"hash":"i5dOk54JJG/yTbGT6xWav39LhQg=","width":1197,"height":358,"folderId":null,"thumbnail":{"url":"https://assets.nicepagecdn.com/ac4c61c6/6620282/images/thumbnails/chint.jpg","width":150,"height":45},"usages":[]},{"id":"user-image-ebchq.jpg","fileName":"ebchq.jpg","name":"ebchq","publicUrl":"https://assets.nicepagecdn.com/ac4c61c6/6620282/images/ebchq.jpg","size":579453,"hash":"0kH3+CXuBdODBszWk7ZgTbmTEjE=","width":2048,"height":612,"folderId":null,"thumbnail":{"url":"https://assets.nicepagecdn.com/ac4c61c6/6620282/images/thumbnails/ebchq.jpg","width":150,"height":45},"usages":[]},{"id":"user-image-exceline.jpg","fileName":"exceline.jpg","name":"exceline","publicUrl":"https://assets.nicepagecdn.com/ac4c61c6/6620282/images/exceline.jpg","size":274594,"hash":"NhjCfjMF1jHc5kwLERuYnvaM2N8=","width":1197,"height":358,"folderId":null,"thumbnail":{"url":"https://assets.nicepagecdn.com/ac4c61c6/6620282/images/thumbnails/exceline.jpg","width":150,"height":45},"usages":[]},{"id":"user-image-ls_electric.jpg","fileName":"ls_electric.jpg","name":"ls_electric","publicUrl":"https://assets.nicepagecdn.com/ac4c61c6/6620282/images/ls_electric.jpg","size":194905,"hash":"aO6VxsF2pzzMfZRrMHGR+fl7VVw=","width":1197,"height":358,"folderId":null,"thumbnail":{"url":"https://assets.nicepagecdn.com/ac4c61c6/6620282/images/thumbnails/ls_electric.jpg","width":150,"height":45},"usages":[]},{"id":"user-image-Diseosinttulo39.png","fileName":"Diseosinttulo39.png","name":"Diseosinttulo39","publicUrl":"https://assets.nicepagecdn.com/ac4c61c6/6620282/images/Diseosinttulo39.png","size":8978,"hash":"5/kEBxDbJ7VZCepLCJLRSZdbTrU=","width":1080,"height":1350,"folderId":null,"thumbnail":{"url":"https://assets.nicepagecdn.com/ac4c61c6/6620282/images/thumbnails/Diseosinttulo39.png","width":120,"height":150},"usages":["155715127"]},{"id":"user-image-Diseosinttulo38.png","fileName":"Diseosinttulo38.png","name":"Diseosinttulo38","publicUrl":"https://assets.nicepagecdn.com/ac4c61c6/6620282/images/Diseosinttulo38.png","size":2358204,"hash":"DpH8MQZTPey7RjEsMGRA7leXySw=","width":1080,"height":1350,"folderId":null,"thumbnail":{"url":"https://assets.nicepagecdn.com/ac4c61c6/6620282/images/thumbnails/Diseosinttulo38.png","width":120,"height":150},"usages":["155715127"]},{"id":"user-image-logo-infrarojo.png","fileName":"logo-infrarojo.png","name":"logo-infrarojo","publicUrl":"https://assets.nicepagecdn.com/ac4c61c6/6620282/images/logo-infrarojo.png","size":174290,"hash":"lxVt3ydeQ0SgEhiIQuDtvPzDKFc=","width":631,"height":396,"folderId":null,"thumbnail":{"url":"https://assets.nicepagecdn.com/ac4c61c6/6620282/images/thumbnails/logo-infrarojo.png","width":150,"height":94},"usages":[]}]