[{"id":2085820604,"title":"Blog Template","order":1,"templateKey":"blog","customTemplate":false,"customTemplateFilename":null,"pageLinks":[],"dateCreated":"2026-02-12T13:13:17.614Z","dateUpdated":"2026-02-12T13:13:27.344Z","folderId":null,"pageName":"Blog Template","sectionCount":1,"status":2},{"id":13222823,"title":"Post Template","order":2,"templateKey":"post","customTemplate":false,"customTemplateFilename":null,"pageLinks":[],"dateCreated":"2026-02-12T13:13:17.820Z","dateUpdated":"2026-02-12T13:13:27.344Z","folderId":null,"pageName":"Post Template","sectionCount":1,"status":2},{"id":830813629,"title":"Product List Template","order":3,"templateKey":"products","customTemplate":false,"customTemplateFilename":null,"pageLinks":[],"dateCreated":"2026-02-12T13:13:18.001Z","dateUpdated":"2026-02-12T13:13:27.344Z","folderId":null,"pageName":"Product List Template","sectionCount":1,"status":2},{"id":163101172,"title":"Product Details Template","order":4,"templateKey":"product","customTemplate":false,"customTemplateFilename":null,"pageLinks":[],"dateCreated":"2026-02-12T13:13:18.192Z","dateUpdated":"2026-02-12T13:13:27.345Z","folderId":null,"pageName":"Product Details Template","sectionCount":1,"status":2},{"id":89817074,"title":"Shopping Cart Template","order":5,"templateKey":"cart","customTemplate":false,"customTemplateFilename":null,"pageLinks":[],"dateCreated":"2026-02-12T13:13:18.433Z","dateUpdated":"2026-02-12T13:13:27.345Z","folderId":null,"pageName":"Shopping Cart Template","sectionCount":1,"status":2},{"id":73600430,"title":"Login Template","order":7,"templateKey":"login","customTemplate":false,"customTemplateFilename":null,"pageLinks":[],"dateCreated":"2026-02-12T13:13:18.722Z","dateUpdated":"2026-02-12T13:13:27.345Z","folderId":null,"pageName":"Login Template","sectionCount":1,"status":2},{"id":119025975,"title":"Search Template","order":8,"templateKey":"Search","customTemplate":false,"customTemplateFilename":null,"pageLinks":[],"dateCreated":"2026-02-12T13:13:18.846Z","dateUpdated":"2026-02-12T13:13:27.345Z","folderId":null,"pageName":"Search Template","sectionCount":1,"status":2},{"id":2734523974,"title":"Password Template","order":9,"templateKey":"password","customTemplate":false,"customTemplateFilename":null,"pageLinks":[],"dateCreated":"2026-02-12T13:13:18.994Z","dateUpdated":"2026-02-12T13:13:27.346Z","folderId":null,"pageName":"Password Template","sectionCount":1,"status":2},{"id":48325296,"title":"404 Not Found Template","order":10,"templateKey":"404","customTemplate":false,"customTemplateFilename":null,"pageLinks":[],"dateCreated":"2026-02-12T13:13:19.124Z","dateUpdated":"2026-02-12T13:13:27.346Z","folderId":null,"pageName":"404 Not Found Template","sectionCount":1,"status":2},{"id":278782030,"title":"Thank You Template","order":11,"templateKey":"ThankYou","customTemplate":false,"customTemplateFilename":null,"pageLinks":[],"dateCreated":"2026-02-12T13:13:19.239Z","dateUpdated":"2026-02-12T13:13:27.346Z","folderId":null,"pageName":"Thank You Template","sectionCount":1,"status":2},{"id":155715127,"title":"pagina 1-","order":50,"templateKey":null,"customTemplate":false,"customTemplateFilename":null,"pageLinks":[],"dateCreated":"2026-02-12T13:13:30.337Z","dateUpdated":"2026-02-19T13:37:37.322Z","folderId":null,"pageName":"pagina 1-_155715127","sectionCount":2,"status":2},{"id":91946549,"title":"Nosotros","order":100,"templateKey":null,"customTemplate":false,"customTemplateFilename":null,"pageLinks":[],"dateCreated":"2026-02-12T13:13:19.740Z","dateUpdated":"2026-02-23T13:18:25.510Z","folderId":null,"pageName":"Nosotros_91946549","sectionCount":1,"status":2},{"id":64761361,"title":"contacto","order":103,"templateKey":null,"customTemplate":false,"customTemplateFilename":null,"pageLinks":[],"dateCreated":"2026-02-12T14:19:21.141Z","dateUpdated":"2026-02-23T13:14:07.019Z","folderId":null,"pageName":"contacto_64761361","sectionCount":1,"status":2}]